id,title,hymn_tune_title,book,page_number,composer,holiday
1," Holy, Holy, Holy! Lord God Almighty",,big brown book of organ solos,64,wyrtzen,
2,A Day Of Rejoicing,,go forth in faith: festive music of praise for organ,16,smith,
3,A Joyous Acclamation,,pipe dusters,18,smith,
4,A Mighty Fortress Is Our God,Ein' Feste Burg,the complete organist,130,chesterton,Reformation
5,A Mighty Fortress Is Our God,Ein Feste Burg,diane bish organ book,30,bish,
6,A Mighty Fortress Is Our God,Ein' Feste Burg,the everlasting arms,30,smith,
7,A Mighty Fortress Is Our God,Ein Feste Burg,the organist in season: autumn,28,young,
8,A Psalm Of Trust,,god of glory: easy festive postludes for organ,24,paxton,
9,A Resurrection Fanfare,,pipe dusters vol 3,43,smith,Easter
10,A Tender Rose Has Blossomed,Es Ist Ein Ros,the complete organist,11,rasley,Christmas
11,A Thanksgiving Offering,Kremser,churchworks,30,koch,Thanksgivin
12,Abide With Me,Eventide,favorite hymns for organ,6,hebble,
13,Abide With Me,Eventide,funeral music for a manuals,11,callahan,Funeral
14,"Accept, O Lord, The Gifts We Bring",Barbara Allen,o god beyond all praising,6,cherwien,
15,According To Thy Gracious Word,Dundee,the complete organist,114,martin,Communion
16,Adagio,,baroque music for manuals,12,corelli,
17,Adagio,,baroque music for manuals,24,nardini,
18,Adagio,,baroque music for manuals,25,albinoni,
19,Adagio,,old english organ music for manuals book 2,10,bennett,
20,Adagio Molto From Third Sonata For Organ,,the complete wedding collection ii,36,guilmant,
21,Adeste Fideles Toccata,,the organist in season: winter,20,hegarty,Christmas
22,Afro Cuban,In dir ist Freude,"organ, timbrel, and dance",12,michel,
23,"Ah, Holy Jesus",Herzliebster Jesu,david cherwien hymn interpretation series: holy week & easter,12,cherwien,Lent
24,"Ah, Holy Jesus",Herzliebster Jesu,continuous communion meditations for organ,18,parker,Lent
25,Air En Echo,,baroque music for manuals,11,lande,
26,Air From Water Music,,from this day forward,8,handel,
27,All Ceatures Of Our God And King,Lasst uns erfreuen,five preludes on familiar hymns for organ,16,hopson,
28,"All Creatures, Worship God Most High",Lasst Uns Erfreuen,churchworks,4,koch,
29,All Easth Is Hopeful,Toda la tierra,o god beyond all praising,10,cherwien,
30,"All Glory, Laud And Honor",St. Theodulph,"o sacred head: an organ collection for palm sunday, holy week and easter",6,smith,Holy Week
31,"All Glory, Laud And Honor",St. Theodulph,the complete organist,60,smith,Holy Week
32,"All Glory, Laud And Honor",St. Theodulph,pull out all the stops volume 3,4,smith,
34,"All Glory, Laud And Honor",St. Theodulph,the organist in season: spring,4,southbridge,Palm Sunday
33,"All Glory, Laud, And Honor",Valet will ich dir geben,the parish organist part three,60,kaufmann,
35,All Hail The Power Of Jesus' Name,Coronation,risen & exalted an eastertide celebration for organ,30,smith,Easter
36,All Hail The Power Of Jesus' Name,Diadem,all hymns bright and beautiful,20,sewell,
37,All Hail The Power Of Jesus' Name,Diadem,big brown book of organ solos,58,wyrtzen,
38,All Hail The Power Of Jesus' Name,Diadem,diane bish organ book,35,bish,
39,All Hail The Power Of Jesus' Name,Coronation,five preludes on familiar hymns for organ,6,hopson,
40,All Hail The Power Of Jesus' Name,,fanfare and pageant of praise,50,wyrtzen,
41,All Now Sing Forth In Praise,,power and praise: festive organ music for the service,24,broughton,
42,All People That On Earth Do Dwell,Old Hundredth,easy organ library vol 58,94,broughton,General
43,"All Prise To Thee, My God, This Night",Tallis'Canon,six general hymn improvisations set 2,6,burkhardt,
44,All The Way My Saviour Leads Me,All the Way,close to thee: artistic organ settings of eduring gospel songs,8,southbridge,
45,All Things Bright And Beautiful,Royal Oaks,all hymns bright and beautiful,3,smith,
46,All Things Bright And Beautiful,Royal Oak,gather in praise: ten hymns of praise for organ,12,mansfield,
47,All Things Bright And Beautiful,Royal Oak,the organist in season: summer,42,wood,Home
48,"All Your Works Of God, Bless The Lord",Linstead,amen: world hymns for organ,18,kerr,
49,Allegretto,,baroque music for manuals,14,purcell,
50,Allegro Maestoso From Water Music,,the complete wedding collection,48,handel,
51,Allegro Maestoso From Water Music,,from this day forward,65,handel,
52,Alleluia! Let Praises Ring,Wie schoen leuchtet,the parish organist: wedding music,26,bender,
53,Alleluia! Sing To Jesus,Hyfrydol,david cherwien hymn interpretation series: holy week & easter,18,cherwien,
54,"Alleluia, Alleluia",,big brown book of organ solos,75,torrans,
55,"Alleluia, Lord Most High",Picardy,easy organ library vol 58,58,taylor,
56,"Alleluia, Song Of Gladness",Dulce Carmen,the organist in season: winter,42,powell,General
57,Amazing Grace,New Britain,an american suite for organ,4,dahl,
58,Amazing Grace,,blessed assurance,4,varner,
59,Amazing Grace,Amazing Grace,diane bish organ book,2,bish,
60,Amazing Grace,Amazing Grace,chimings for organ,36,broughton,
61,Amazing Grace,New Britain,god with us: eleven pieces for organ,11,diemer,
62,Amazing Grace,,five preludes on familiar hymns for organ,3,hopson,
63,Amazing Grace,New Britain,funeral music for a manuals,4,callahan,Funeral
64,Amazing Grace! How Sweet The Sound,New Britain,hymns for organ: artistic expressions of faith and joy,14,hayes,
65,"Amen, We Praise Your Name",Amen Siakudumisa,amen: world hymns for organ,4,kerr,
66,America The Beautiful Fantasia,,pipe dusters,46,koury,
67,America Variations,,the organist in season: summer,21,lovelace,Patriotic
68,An Easter Fanfare,,easter glory! festive organ music for the season,6,paxton,Easter
69,Ancient Of Days,Albany,power and praise: festive organ music for the service,9,chesterton,
70,And Can It Be?,,fanfare and pageant of praise,38,wyrtzen,
71,"And Wilt Thou Pardon, Lord",St. Bride,the parish organist part twelve,16,beck,
72,Andante,,baroque music for manuals,18,telemann,
73,Andante,,old english organ music for manuals book 2,16,greene,
74,Andante Cantabile From Symphony No 5,,prelude to the wedding for organ,8,tchaikovsky,
75,Andantino From Rosamunde,,from this day forward,10,schubert,
76,Angels From The Realms Of Glory,Regent Square,the parish organist part three,36,unkel,Christmas
77,"Angels, From The Realms Of Glory",,big brown book of organ solos,113,torrans,
78,"Antiphonal Paraphrase On ""Lobe Den Herren""",,the organist in season: summer,12,wehr,General Praise
79,Are Ye Able Said The Master,Beacon Hill,blessed be the name,50,bartlett,
80,Arfon Prelude,Arfon,the organist in season: spring,32,haan,Holy Week
81,Arioso From Cantat No. 156,,from this day forward,5,bach,
82,Arioso From Cantata 156,,the complete wedding collection,5,bach,
83,Arise To Life,,go forth in faith: festive music of praise for organ,37,broughton,
84,As The Deer,,a quiet time in the garden of prayer,2,caudill,
85,As With Gladness Men Of Old,Dix,festive hymn settings for advent christmas and epiphany,64,burkhardt,Epiphany
86,At Length There Dawns The Glorious Day,St. Michel's,pull out all the stops volume 3,37,mansfield,
87,At The Lamb's High Feast We Sing,Salzburg,the parish organist part twelve,40,schultz,
88,At The Name Of Jesus,King's Weston,praise and thanksgiving hymn improvisations set 3,6,burkhardt,
89,At The Worship Hour,,chimings for organ,24,ritter,
90,Ave Maria,,the complete wedding collection ii,60,bach-gounod,
91,Ave Maria,,the complete wedding collection ii,58,schubert,
92,Awake! The Dawn Appears!,,easter glory! festive organ music for the season,38,scott,Easter
93,Awake! The Dawn Appears!,,power and praise: festive organ music for the service,16,scott,
94,"Awake, My Soul, And With The Sun",Morning Hymn,six general hymn improvisations set 2,6,burkhardt,
95,"Awake, Thou Wintry Earth",Vruechten,the complete organist,37,birchwood,Lent
96,Away In A Manger,Mueller,festive hymn settings for advent christmas and epiphany,28,burkhardt,Christmas
97,Be Known To Us In Breaking Bread,St. Flavian,continuous communion meditations for organ,16,parker,Lent
98,Be Not Afraid,,sing a new song,1,wagner,
99,"Be Still, My Soul",,he leadeth me: organ solos,23,whitworth,
100,Be Thou My Vision,,big brown book of organ solos,6,wyrtzen,
101,Be Thou My Vision,Slane,god with us: eleven pieces for organ,20,diemer,
102,Be Thou My Vision,Slane,five preludes on familiar hymns for organ,12,hopson,
103,Be Thou My Vision,Slane,favorite hymns for organ,10,hebble,
104,Be Thou My Vision,Slane,fanfare and pageant of praise,16,wyrtzen,
105,Be Thou My Vision,,"rejoice, the lord is king",22,haan,
106,Be Thou My Vision,Slane,prelude to the wedding for organ,34,broughton,
107,Be Thou My Vision,Slane,the parish organist part twelve,48,arnatt,
108,Beach Spring,Beach Spring,americana organ settings of early american hymns,30,martin,
109,Beach Spring,Beach Spring,simple gifs: four american hymn preludes for organ,6,kosche,
110,Beautiful Savior,Schonster herr Jesu,gather in praise: ten hymns of praise for organ,21,smith,
111,Beautiful Savior,Schoenster Herr Jesu,the parish organist part three,50,arbatsky,
112,Beecher,Beecher,eight quiet preludes on american hymntunes,15,callahan,
113,"Before Thy Throne, O God, We Kneel",St. Petersburg,the parish organist part twelve,36,wienhorst,
114,"Begone, Unbelief","Begone, Unbelief",americana organ settings of early american hymns,18,martin,
115,Behold The King!,,"o sacred head: an organ collection for palm sunday, holy week and easter",38,smith,Easter
116,Behold The Saviour Of Mankind,Windsor,the parish organist part twelve,62,willan,
117,Bells At Dusk,,chimings for organ,44,birchwood,
118,Belmont,Belmont,choral preludes based on famous hymn tunes vol 5,3,rowley,
119,Beneath The Cross Of Jesus,St. Christopher,come to the alter,3,smith,
120,Beneath The Cross Of Jesus,St. Christopher,continuous communion meditations for organ,12,parker,Lent
121,Beneath The Cross Of Jesus,,organ preludes on hymns old and new,19,hustad,
122,"Bless Us Now, Dear Lord, We Pray",,the complete organist,84,moore,Lent
123,Blessed Assurance,,blessed assurance,10,varner,
124,Blessed Assurance,Assurance,eight quiet preludes on american hymntunes,4,callahan,
125,Blessed Assurance,Assurance,the everlasting arms,9,smith,
126,Blessed Assurance,,a quiet time in the garden of prayer,13,caudill,
127,Blessed Bethe Name,Blessed Name,blessed be the name,3,glyncannon,
128,"Blessed Jesus, At Your Word",Liebster Jesu,easy organ library vol 58,8,leatherman,
129,Blest Be The Tie That Binds,Dennis,nine hymn preludes for organ,20,young,
130,Bonner,Bonner,hymns for organ: artistic expressions of faith and joy,18,hayes,
131,Bossa Nova,Wunderbarer Konig,"organ, timbrel, and dance",8,michel,
132,Bread Of The World In Mercy Broken,Eucharistic Hymn,communion call-meditations for organ,3,mansfield,
133,Bread Of The World In Mercy Broken,Rendez a Dieu,the organist in season: summer,37,diemer,Communion
134,"Bread Of The World, In Mercy Broken",Rendez a Dieu,the parish organist part twelve,11,beyer,
135,"Breathe On Me, Breath Of God",Trentham,churchworks,6,koch,
136,"Brethren, We Have Met To Worship",Holy Manna,glad adoration,22,hamlin,
137,Bridal Chorus From Lohengrin,,the complete wedding collection,43,wagner,
138,Bridal Chorus From Lohengrin,,from this day forward,52,wagner,
139,"Bring A Torch, Jeannette Isabella",,big brown book of organ solos,108,griffin,
140,Brother James' Air,,the organist in season: summer,45,martin,General
141,Built On A Rock,Kirken,the organist in season: autumn,43,martin,
142,Built On The Rock,Kirken,the everlasting arms,18,smith,
143,Built On The Rock,Kirken,nine hymn preludes for organ,14,young,
144,By The Babylonian River,Kas Dziedaja,amen: world hymns for organ,27,kerr,
145,Canon In D,,the complete wedding collection,27,pachelbel,
146,Canon In D,,from this day forward,26,pachelbel,
147,Cantilena,,adoration,15,lau,
148,Carols Sing,Bethlehem Song,fill the earth with music: easy music for organ,16,keyser,Christmas
149,Cavatina,,prelude to the wedding for organ,38,bohm,
150,Celebration For Trumpet,,god of glory: easy festive postludes for organ,32,thygerson,
151,Ceremonial March,,power and praise: festive organ music for the service,32,koury,
152,Chapel Bells At Sunrise,,chimings for organ,14,peterson,
153,Chapel Chimes,,chimings for organ,32,paxton,
154,Children Of The Heavenly Father,Tryggare Kan Ingen Vara,adoration,26,lau,
155,Children Of The Heavenly Father,,organ preludes on hymns old and new,6,hustad,
156,Children Of The Heavenly Father,,"rejoice, the lord is king",30,haan,
157,Children's Song Medley,,hymns for organ: artistic expressions of faith and joy,18,hayes,
158,Chimings,,chimings for organ,3,thurman,
159,Choral Song,,the complete wedding collection ii,32,wesley,
160,Chorale Prelude On Duke Street,Duke Street,the organist in season: summer,18,powell,Praise
161,Chorale Prelude On Spohr,Spohr,favorite hymns for organ,38,hebble,
162,Christ For The World We Sing,Italian Hymn,pipe dusters vol 3,9,smith,
163,"Christ Has Arisen, Alleliua",Mfurahini Haleluya,"were you there: easy hymn preludes for palm sunday, holy week, and easter",22,kerr,Easter
164,"Christ Has Arisen, Alleliua","Mfurahini, Haleluya",amen: world hymns for organ,6,kerr,
165,Christ Is Risen! Alleluia!,Morgenlied,easter glory! festive organ music for the season,12,balcombe,Easter
166,Christ Is The World's Light,Christe Sanctorum,six preludes for the church year,16,hobby,Epiphany
167,Christ The Lord Is Risen Today,Easter Hymn,"o sacred head: an organ collection for palm sunday, holy week and easter",41,thomas,Easter
168,Christ The Lord Is Risen Today,Easter Hymn,the complete organist,51,thomas,Easter
169,Christ The Lord Is Risen Today,,big brown book of organ solos,131,torrans,
170,Christ The Lord Is Risen Today,Easter Hymn,easter glory! festive organ music for the season,40,smith,Easter
171,Christ The Lord Is Risen Today,Easter Hymn,pipe dusters vol 3,40,smith,Easter
172,Christ The Lord Is Risen Today,Orientis partibus,the parish organist part three,32,markworth,Easter
173,Christ The Redeemer,,go forth in faith: festive music of praise for organ,25,birchwood,
174,Christ The Victor! Christ The King!,,god of glory: easy festive postludes for organ,36,birchwood,
175,"Christ, Mighty Savior",Innisfree Farm,many and great hymn settings for organ,4,farlee,
176,"Christ, Whose Glory Fills The Skies",Ratisbon,the parish organist part twelve,10,metzger,
177,"Christians, We Have Met To Worship",Holy Manna,hymns for organ: artistic expressions of faith and joy,3,hayes,
178,Cleansing Fountain,,communion call-meditations for organ,42,paxton,
179,Close To Thee,Close to Thee,close to thee: artistic organ settings of eduring gospel songs,18,southbridge,
180,Cold December Flies Away,Lo desembre congelat,11 compositions for organ set 5,12,ore,Advent
181,Come Thou Fount Of Every Blessing,Nettleton,churchworks,8,koch,
182,"Come To Us, Creative Spirit",Castlewood,many and great hymn settings for organ,6,farlee,
183,Come Unto Me,,chimings for organ,28,rasley,
184,"Come, Christians Join To Sing",,fanfare and pageant of praise,20,wyrtzen,
185,"Come, Christians Join To Sing",,"loud praise to christ, our king! festive hymn settings for organ",5,martin,
186,"Come, Christians Join To Sing",,"rejoice, the lord is king",6,haan,
187,"Come, Christians, Join To Sing",Madrid,easy organ library vol 58,39,james,
188,"Come, Holy Spirit, Heavenly Dove",St. Agnes,the complete organist,63,douglas,Pentecost
189,"Come, Let Us Eat",,amen: world hymns for organ,10,kerr,
190,"Come, O Thou Traveler Unknown",Candler,love divine: six hymntunes on wesley texts,16,burkhardt,
191,"Come, Thou Almight King",Italian Hymn,ancient of days 3 hymns of praise,6,laubengaye,
192,"Come, Thou Almighty King",,big brown book of organ solos,50,wyrtzen,
193,"Come, Thou Almighty King",,organ preludes on hymns old and new,4,hustad,
194,"Come, Thou Fount Of Every Blessing",Nettleton,american folk hymn suite for organ,8,burkhardt,
195,"Come, Thou Fount Of Every Blessing",Nettleton,glad adoration,17,hamlin,
196,"Come, Thou Long Expected Jesus",Stuttgart,the parish organist part twelve,68,bender,
197,"Come, Thou Long Expected Jesus",Jefferson,love divine: six hymntunes on wesley texts,10,burkhardt,
198,"Come, Thou Long Expected Jesus",St. Hilary,the organist in season: winter,12,karvonen,Advent
199,"Come, We That Love The Lord",Marching to Zion,many and great hymn settings for organ,8,farlee,
200,"Come, We That Love The Lord",St. Thomas,"loud praise to christ, our king! festive hymn settings for organ",30,martin,
201,"Come, Ye Faithful, Raise The Strain",St. Kevin,risen & exalted an eastertide celebration for organ,9,smith,Easter
202,"Come, Ye Faithful, Raise The Strain",St. Kevin,"o sacred head: an organ collection for palm sunday, holy week and easter",35,bliss,Easter
203,"Come, Ye Sinners, Poor And Needy",,"rejoice, the lord is king",32,haan,
204,"Come, Ye Thankful People, Come",St.George,the parish organist part three,44,gehrke,Thanksgiving
205,"Come,You Faithful, Raise The Strain",Gaudeamus Pariter,the organist in season: spring,24,krapf,Easter
206,Communion Meditations,"EucharisticHymn,Martyrdom",easy organ library vol 58,28,smith,
207,Cornet Voluntary,,old english organ music for manuals book 2,14,heron,
208,Cortege,,exaltation festive processionals for organ,28,wood,
209,Cradle Hymn Chorale Prelude,,the organist in season: winter,32,powell,Christmas
210,Creator Of The Stars Of Night,Conditor Alme Siderum,the organist in season: winter,8,mccabe,Advent
211,Crown Him Lord Of All!,Diadem,gather in praise: ten hymns of praise for organ,6,martin,
212,Crown Him With Many Crowns,Diademata,risen & exalted an eastertide celebration for organ,21,smith,Ascension
213,Crown Him With Many Crowns,Diademata,the complete organist,46,neal,Ascension
214,Dance Prelude On Unser Herrscher,Unser Herrscher,"come, christians, join to sing",14,harmon,
215,Day By Day,Blott En Dag,the everlasting arms,6,smith,
216,Dear Lord And Father Of Mankind,Rest,the organist in season: summer,34,whitworth,Prayer
217,"Deck Yourself, My Soul, With Gladness",Schmucke Dich,the organist in season: autumn,46,krapf,
218,Deep River,Deep River,funeral music for a manuals,10,callahan,Funeral
219,Deo Gracias,Deo Gracias,"o love, how deep: three hymn settings for organ",12,phillips,
220,Diapason Movement,,old english organ music for manuals book 2,6,keeble,
221,Diapason Movement,,old english organ music for manuals book 2,17,goodwin,
222,Diapason Movement,,old english organ music for manuals book 2,24,boyce,
223,Didnâ€™t My Lord Deliver Daniel?,,a spiritual service based on african-american spirituals,12,inniss,
224,Divertissement (Gigue),,go forth in faith: festive music of praise for organ,22,young,
225,Dove Of Peace,I Come with Joy,the organist in season: summer,9,martin,Communion
226,Dove Of Peace,Dove of Peace,simple gifs: four american hymn preludes for organ,13,kosche,
227,Down To The River To Pray,The Good Old Way,easy organ library vol 58,84,hayes/wagner,
228,Draw Nigh And Take The Body Of The Lord,Old 124th,the parish organist part three,28,moser,
229,"Draw Thou My Soul, O Christ",St. Edmund,come to the alter,9,smith,
230,"Draw Thou My Soul, O Christ",St. Edmund,footsteps of jesus: favorite hymns and gospel songs for organ,28,smith,
231,Dunlap's Creel,,eight quiet preludes on american hymntunes,8,callahan,
232,Easter Dialogue,Vulpius,easter glory! festive organ music for the season,43,martin,Easter
233,Epilogue For Trumpet,,god of glory: easy festive postludes for organ,15,birchwood,
234,"Ever Faithful, Ever Near",,the complete organist,44,ritter,Lent
235,Everlasting Victory,,"o sacred head: an organ collection for palm sunday, holy week and easter",32,turner,Easter
236,Every Time I Feel The Spirit,Pentecost,every time i feel the spirit,3,elliott,Pentecost
237,Fairest Lord Jesus,Crusaders' Hymn,diane bish organ book,46,bish,
238,Fairest Lord Jesus,Crusader's Hymn,glad adoration,8,hamlin,
239,Fairest Lord Jesus,Crusaders Hymn,favorite hymns for organ,12,hebble,
240,Faith Of Our Fathers,St. Catherin,nine hymn preludes for organ,2,young,
241,Faith Of Our Fathers,St. Catherine,praise and thanksgiving hymn improvisations set 7,12,burkhardt,
242,Fanfare,,pipe dusters vol 3,20,raybuck,
243,Fanfare,,pipe dusters vol 3,39,turner,
244,Fanfare And Pageant Of Praise,,fanfare and pageant of praise,5,wyrtzen,
245,Fanfare For A Resurrection Day,,the complete organist,66,scott,Easter
246,Fanfare Of Praise,,easy organ library vol 58,12,krug,
247,Fanfare On An Original Theme,,pipe dusters,62,martin,
248,Fanfare On Ein Feste Burg,Ein Feste Burg,pipe dusters,6,pethel,
249,Fanfare To A Festive Occasion,,pipe dusters vol 3,36,smith,
250,Fanfares And Flourishes,,pipe dusters,38,binckes,
251,"Fantasia On ""Duke Street""",Duke Street,gather in praise: ten hymns of praise for organ,9,smith,
252,"Fantasia On ""Salvation""",Salvation,gather in praise: ten hymns of praise for organ,27,paxton,
253,Fantasia On Forest Green,,the complete organist,40,smith,Christmas
254,"Farewell, Good Friends","Shalom, Chaverin",eight hymn preludes for organ,25,diemer,
255,"Father, We Thank You",Rendez a Dieu ,many and great hymn settings for organ,11,farlee,
256,Festal Piece,,pipe dusters,10,handel,
257,Festal Postlude,,pipe dusters,72,powell,
258,Festival Bridal Chorus,,fanfare and pageant of praise,26,wyrtzen,
259,Festival March,,power and praise: festive organ music for the service,40,powell,
260,Festive Introit,,pipe dusters vol 3,22,prentiss,
261,Festive March In D,,pipe dusters,3,rebikoff,
262,Festive Procession,,the complete wedding collection ii,2,darwall,
263,Festive Voluntary,,pipe dusters,50,purcell,
264,Fill The Earth With Music,Wye Valley,fill the earth with music: easy music for organ,4,edwards,
265,Finale,,pipe dusters,60,martin,
266,Finale In C Minor,,pipe dusters vol 3,14,saxton,
267,Finale Jublilante,,the complete wedding collection ii,17,willan,
268,Fling Wide The Door,Macht Hoch Die Tur,many and great hymn settings for organ,15,farlee,
269,Fling Wide The Gates,,easter glory! festive organ music for the season,9,smith,Easter
270,"Flourish On ""Come, Ye Thankful People Come""",St. George's Windsor,easy organ library vol 58,36,ryan,Thanksgivin
271,Flute Piece,,old english organ music for manuals book 2,6,thorley,
272,Flute Solo,,the complete wedding collection ii,52,arne,
273,Footsteps Of Jesus,Footsteps,footsteps of jesus: favorite hymns and gospel songs for organ,15,smith,
274,Footsteps Of Jesus,,he leadeth me: organ solos,8,whitworth,
275,For All The Saints,Sine Nomine,the complete organist,91,smith,All Saints Day
276,For All The Saints,Sine Nomine,the organist in season: autumn,3,krapf,All Saints Da
277,For All The Saints,Sine Nomine,six general hymn improvisations set 2,10,burkhardt,
278,For All The Saints,Sine Nomine,the parish organist part twelve,46,gehrke,
279,"For All Your Saints, O Lord",Festal Song,hymns for the saints for organ,4,burkhardt,
280,For The Beauty Of The Earth,Dix,glad adoration,12,hamlin,
281,For The Beauty Of The Earth,Dix,the organist in season: summer,26,wyton,Home
282,For Unto Us,,big brown book of organ solos,92,christopher,
283,Forall The Saints,Sine Nomine,funeral music for a manuals,5,callahan,Funeral
284,Four Interludes,,easy organ library vol 58,34,simper/ryan,
285,"Free, Indeed!",,go forth in faith: festive music of praise for organ,28,paxton,
286,From A Distant Home,Isla del Encanto,eight hymn preludes for organ,30,diemer,
287,Fugue In E Minor,,old english organ music for manuals book 2,22,dupuis,
288,Gavotte,,easy organ library vol 58,18,bach/gale,
289,Gavotte,,baroque music for manuals,9,handel,
290,"Gentle Joseph, Joseph Dear","Joseph Lieber, Joseph Mein",festive hymn settings for advent christmas and epiphany,4,burkhardt,Advent
291,Give Me Jesus,,spirituals and more for organ,8,rinehart,
292,Gloria,,pipe dusters,24,mozart,
293,Glorify Thy Name,,glad adoration,3,hamlin,
294,Glorious Things Of Thee Are Spoken,,big brown book of organ solos,18,boud,
295,Glorious Things Of Thee Are Spoken,,organ preludes on hymns old and new,22,hustad,
296,Glorious Things Of Thee Are Spoken,Austrian Hymn,nine hymn preludes for organ,29,young,
297,Glory To His Name,Glory to His Name,our gospel legacy: easy hymn arrangements for organ,16,jordan,
298,Go Forth In Faith,,go forth in faith: festive music of praise for organ,3,gale,
299,Go Forth In Triumph,,the complete organist,111,ritter,Missions
300,Go Tell It On The Mountain,,the organist in season: winter,35,hancock,Christmas
301,Go To Dark Gethsemane,Redhead,continuous communion meditations for organ,20,parker,Lent
302,God Be With You 'til We Meet Again,,gospel hymn settings,11,held,
303,God Himself Is With Us,Tysk,the parish organist part twelve,56,bencriscutto,
304,God Of Glory,,god of glory: easy festive postludes for organ,3,paxton,
305,God Of Grace And God Of Glory,CWM Rhondda,easy organ library vol 58,32,wagner,
306,God Of Our Fathers,National Hymn,the complete organist,99,scott,Patriotic
307,God Will Take Care Of You,,he leadeth me: organ solos,20,whitworth,
308,God Will Take Care Of You,God Cares,our gospel legacy: easy hymn arrangements for organ,28,warriner,
309,"God, Who Stretched The Spangled Heavens",Holy Manna,god with us: eleven pieces for organ,16,diemer,
310,"God, Whose Giving Knows No Ending",Beach Spring,god with us: eleven pieces for organ,6,diemer,
311,Grace Greater Than Our Sins,Moody,four hymn meditations for organ,5,pethel,
312,Grand Processional,,exaltation festive processionals for organ,16,wood,
313,Grave,,old english organ music for manuals book 2,23,alcock,
314,Great God Of Wonders,,fanfare and pageant of praise,45,wyrtzen,
315,"Great God, Our Creator",St. Denio,six general hymn improvisations set 2,3,burkhardt,
316,"Guide Me, O Thou Great Jehovah",CWM Rhondda,all hymns bright and beautiful,12,paxton,
317,"Guide Me, O Thou Great Jehovah",,big brown book of organ solos,72,wyrtzen,
318,"Guide Me, O Thou Great Jehovah",,fanfare and pageant of praise,42,wyrtzen,
319,"Guide Me, O Thou Great Jehovah",CWM Rhondda,pull out all the stops volume 3,22,mansfield,
320,Hail The Lord Of All Creation,,god of glory: easy festive postludes for organ,21,ritter,
321,Hail The Lord Of All Creation,,pull out all the stops volume 3,46,ritter,
322,Hail To The King!,,easter glory! festive organ music for the season,18,paxton,Easter
323,Hail To The Lord's Annointed,Ellacombe,the complete organist,8,balcombe,Advent
324,Hark! A Thrillijng Voice Is Sounding!,Merton,festive hymn settings for advent christmas and epiphany,8,burkhardt,Advent
325,Hark! The Herald Angelssing,Mendelssohn,love divine: six hymntunes on wesley texts,14,burkhardt,Christmas
326,"Hark, Ten Thousand Harps",Harwell,footsteps of jesus: favorite hymns and gospel songs for organ,12,smith,
327,"Have Mercy, Lord, On Me",St. Bride,choral preludes based on famous hymn tunes vol 1 (lent),18,rowley,Lent
328,Have Thine Own Way Lord,Pollard,come to the alter,12,smith,
329,Have Thine Own Way Lord,Adelaide,close to thee: artistic organ settings of eduring gospel songs,22,southbridge,
330,Have Thine Own Way Lord,,he leadeth me: organ solos,28,whitworth,
331,He Hideth My Soul,,a quiet time in the garden of prayer,23,caudill,
332,He Is Arisen! Glorious Word,Wie Schon Leuchtet,david cherwien hymn interpretation series: holy week & easter,30,cherwien,Easter
333,He Is Lord,,big brown book of organ solos,14,christopher,
334,He Is Risen! He Is Risen!,Unser Herrscher,easter glory! festive organ music for the season,21,broughton,Easter
335,He Keeps Me Singing,He Keeps Me Singing,"loud praise to christ, our king! festive hymn settings for organ",45,martin,
336,He Leadeth Me,,chimings for organ,46,scott,
337,He Leadeth Me: O Blessed Thought,,softly and tenderly: organ meditations on well-known gospel hymns,14,wood,
338,He Leadth Me,,he leadeth me: organ solos,2,whitworth,
339,He Shall Feed His Flock,,from this day forward,49,handel,
340,He The Banquet Spreads Before Us,Autumn,communion call-meditations for organ,16,mansfield,
341,He Who Would Valiant Be,St. Dunstan's,the parish organist part twelve,26,boda,
342,Hear Now Myhumble Prayer,,easy organ library vol 58,91,smith,
343,"Hear, O Lord My Plea For Justice",Charlestown,americana organ settings of early american hymns,21,martin,
344,"Here I Am, Lord",,sing a new song,6,wagner,
347,Here's One,,spirituals and more for organ,6,rinehart,
345,"Here, O My Lord",Penitentia,communion call-meditations for organ,25,smith,
346,"Here, O My Lord, I See Thee",Penitentia,the complete organist,88,warriner,Communion
348,Herzliebster Jesu,,favorite hymns for organ,43,hebble,
349,Hiding In Thee,Hiding in Thee,close to thee: artistic organ settings of eduring gospel songs,11,southbridge,
350,Higher Ground,Higher Ground,close to thee: artistic organ settings of eduring gospel songs,25,southbridge,
351,Higher Ground,Higher Ground,footsteps of jesus: favorite hymns and gospel songs for organ,3,smith,
352,His Eye Is On The Sparrow,,blessed assurance,42,varner,
353,His Eye Is On The Sparrow,,a quiet time in the garden of prayer,28,caudill,
354,His Eye Is On The Sparrow,Sparrow,six gospel hymn preludes,20,held,
355,"Holy Bible, Book Divine",Aletta,fill the earth with music: easy music for organ,9,keyser,
356,"Holy God, We Praise Thy Name",Grosser Gott,diane bish organ book,6,bish,
357,"Holy Spirit, Breathe On Me",Truett,four hymn meditations for organ,14,pethel,
358,"Holy Spirit, Faithful Guide",Faithful Guide,blessed be the name,60,hughes,
359,"Holy, Holy,",,the complete organist,57,smith,Holy Trinity
360,"Holy, Holy, Holy ",,fanfare and pageant of praise,34,wyrtzen,
361,"Holy, Holy, Holy Postlude",Nicaea,favorite hymns for organ,54,hebble,
362,Hornpipe,,old english organ music for manuals book 2,11,wesley,
363,"Hosanna, Loud Hosanna",Ellacombe,david cherwien hymn interpretation series: holy week & easter,26,cherwien,Palm Sunda
364,"Hosanna, Loud Hosanna",Ellacombe,"were you there: easy hymn preludes for palm sunday, holy week, and easter",6,kerr,Palm Sunda
365,"Hosanna, Loud Hosanna",Ellacombe,"o sacred head: an organ collection for palm sunday, holy week and easter",9,turner,Palm Sun
366,"Hosanna, Loud Hosanna",,"rejoice, the lord is king",46,haan,Palm Sunday
367,How Bright Those Glorious Spirits Shine,Bromsgrove,choral preludes based on famous hymn tunes vol 5,16,rowley,
368,How Brightly Shines The Morning Star,Wie Schon Leichtet,easy organ library vol 58,67,bach,
369,How Firm A Foundation,Foundation,easy organ library vol 58,2,hayes,
370,How Firm A Foundation,Foundation,all hymns bright and beautiful,24,broughton,
371,How Firm A Foundation,Foundation,american folk hymn suite for organ,4,burkhardt,
372,How Firm A Foundation,Foundation,the everlasting arms,27,smith,
373,How Lovely Shines The Morning Star,,the parish organist: wedding music,26,bender,
374,How Sweet The Name Of Jesus Sounds,St. Peter,the parish organist part three,47,bouman,
375,Humbly I Adore Thee,Adoro Te Devote,adoration,6,lau,
376,Hyfrydol Prelude,Hyfrydol,the organist in season: spring,14,haan,Ascension
377,"I Am A Poor, Wayfaring Stranger",Wayfaring Stranger,easy organ library vol 58,88,page,
378,I Am Jesus' Little Lamb,Weil ich Jesu Scaflein bin,11 compositions for organ set 5,43,ore,
379,"I Am Thine, O Lord",I Am Thine,come to the alter,30,smith,
380,"I Am Trusting Thee, Lord Jesus",Stephanos,the parish organist part three,59,lenel,
381,I Bind Unto Myself Today,St. Patrick,the parish organist part twelve,34,fetler,
382,I Call To Thee Lord Jesus,,communion call-meditations for organ,14,bach,
383,I Come With Joy,Dove of Peace,americana organ settings of early american hymns,11,martin,
384,I Come With Joy,Dove of Peace,the organist in season: autumn,35,martin,
385,I Danced In The Morning,,sing a new song,10,wagner,
386,I Love To Tell The Story,Hankey,11 compositions for organ set 5,46,ore,
387,I Love To Tell The Story,,gospel hymn settings,6,held,
388,I Love To Tell The Story,Hankey,footsteps of jesus: favorite hymns and gospel songs for organ,6,smith,
389,I Love To Tell The Story,Hankey,our gospel legacy: easy hymn arrangements for organ,34,glyncannon,
390,I Need Thee Every Hour,Need,every time i feel the spirit,10,elliott,
391,I Need Thee Every Hour,,softly and tenderly: organ meditations on well-known gospel hymns,9,wood,
392,I Sing A Song Of The Saints Of God,Grand Isle,hymns for the saints for organ,12,burkhardt,
393,I Sing The Mighty Power Of God,Ellacombe,all hymns bright and beautiful,6,mansfield,
394,I Sing The Mighty Power Of God,,big brown book of organ solos,54,boud,
395,I Surrender All,Surrender,chimings for organ,16,ritter,
396,I Surrender All,Surrender,come to the alter,24,smith,
397,I Want Jesus To Walk With Me,,spirituals and more for organ,12,rinehart,
398,I Want Jesus To Walk With Me,,a spiritual service based on african-american spirituals,2,inniss,
399,I Will Praise Him,I Will Praise Him,"loud praise to christ, our king! festive hymn settings for organ",10,martin,
400,I Will Sing Of My Redeemer,My Redeemer,"loud praise to christ, our king! festive hymn settings for organ",14,martin,
401,I Will Sing Of The Mercies,Fillmore,"loud praise to christ, our king! festive hymn settings for organ",34,martin,
402,I Will Sing The Wondrous Story,,gospel hymn settings,17,held,
439,I've Found A Friend,Friend,our gospel legacy: easy hymn arrangements for organ,22,calkins,
403,"I, The Lord Of Sea And Sky","Here I Am, Lord",many and great hymn settings for organ,17,farlee,
404,Ich Liebe Dich (I Love Thee),,prelude to the wedding for organ,16,beethoven,
405,If Thou But Suffer God To Guide Thee,Wer nun den lieven Gott,the parish organist: wedding music,35,vetter,
406,"Immortal, Forever Full",,"rejoice, the lord is king",27,haan,
407,"Immortal, Invisible",St. Denio,all hymns bright and beautiful,30,peterson,
408,"Immortal, Invisible",,big brown book of organ solos,40,wyrtzen,
409,"Immortal, Invisible, God Only Wise",St. Denio,six general hymn improvisations set 2,3,burkhardt,
410,"Immortal, Invisible, God Only Wise",St. Denio,praise and thanskgiving hymn improvisations set 3,2,burkhardt,
411,"Immortal, Invisible, God Only Wise",St. Denio,the parish organist part twelve,22,rohlig,
412,"Immortal, Invisible, God Only Wise",St. Denio,the parish organist part twelve,24,rohlig,
413,"Immortl, Invisible",St.Denio,pull out all the stops volume 3,31,kendall,
414,In A Church Yard,,chimings for organ,38,warriner,
415,In A Lowly Manger Born,Mabune,amen: world hymns for organ,12,kerr,
416,In All Our Grief,Fredericktown,o god beyond all praising,20,cherwien,
417,In Christ There Is No East Or West,McKee,the organist in season: autumn,24,martin,
418,In Joy I Come To Meet My Lord,,easy organ library vol 58,25,chopin,
419,In Remembrance,Evan,the complete organist,86,rasley,Communion
420,In The Cross Of Christ I Glory,,"rejoice, the lord is king",12,haan,
421,In The Cross Of Christ I Glory,Rathbun,the parish organist part twelve,8,lubrich,
422,In The Garden,Garden,the everlasting arms,21,smith,
423,In The Garden,Garden,our gospel legacy: easy hymn arrangements for organ,9,smith,
424,In The Garden,,a quiet time in the garden of prayer,8,caudill,
425,In The Garden,Garden,six gospel hymn preludes,6,held,
426,In The Hour Of Trial,Penitence,"o sacred head: an organ collection for palm sunday, holy week and easter",24,vevenger,Holy Week
427,In Thee Is Gladness,In dir ist Freude,praise and thanksgiving hymn improvisations set 7,3,burkhardt,
428,In Thee Is Gladness,In dir ist Freude,the parish organist: wedding music,6,schultz,
429,Intrada Festiva,,exaltation festive processionals for organ,3,wood,
430,"Introduction, Varioation And Finale On St. Kevin",St. Kevin,easter glory! festive organ music for the season,15,saxton,Easter
431,It Came Upon The Midnight Clear,Carol,easy organ library vol 58,45,hayes,Christmas
432,It Came Upon The Midnight Clear,Carol,the complete organist,17,warriner,Christmas
433,It Came Upon The Midnight Clear,,the organ music of richard purvis three christmas preludes,6,purvis,Christmas
434,It Is Good To Sing Thy Praises,Ellesdie,"loud praise to christ, our king! festive hymn settings for organ",20,martin,
435,It Is Well With My Soul,,blessed assurance,24,varner,
436,It Is Well With My Soul,Ville Du Havre,blessed be the name,6,hughes,
437,It Is Well With My Soul,Early American,chimings for organ,30,ritter,
438,It Is Will With My Soul,Ville Du Havre,six gospel hymn preludes,10,held,
440,Ivory Palaces,,organ preludes on hymns old and new,16,hustad,
441,"Jerusalem, My Happy Home",Land of Rest,churchworks,12,koch,
442,"Jerusalem, My Happy Home",Landof Rest,morning has broken: three quiet hymn settings for worship,6,langlois,
443,"Jesu, Jesu, Fill Us With Your Love",Chereponi,amen: world hymns for organ,16,kerr,
444,"Jesu, Joy Of Man's Desiring",,the complete wedding collection,12,bach,
445,"Jesu, Joy Of Man's Desiring",,from this day forward,44,bach,
446,"Jesu, Lover Of My Soul",Hollingside,choral preludes based on famous hymn tunes vol 1 (lent),11,rowley,Lent
447,Jesus Calls Us,Galilee,come to the alter,20,smith,
448,Jesus Calls Us O'er The Tumult,,"rejoice, the lord is king",42,haan,
449,Jesus Calls Us O'er The Tumult,,softly and tenderly: organ meditations on well-known gospel hymns,23,wood,
450,Jesus Calls Us O'er The Tumult,Stuttgart,the parish organist part twelve,68,bender,
451,Jesus Christ Is Risen Today,Easter Hymn,risen & exalted an eastertide celebration for organ,18,smith,Easter
452,Jesus Christ Is Risen Today,Easter Hymn,"were you there: easy hymn preludes for palm sunday, holy week, and easter",20,kerr,Easter
453,Jesus Christ Is Risen Today,Easter Hymn,churchworks,14,koch,Easter
454,Jesus Has Come And Brings Pleasure,"Jesus is kommen, Grund ewiger Freude",11 compositions for organ set 5,22,ore,
455,Jesus Is All The World To Me,Elizabeth,blessed be the name,23,broughton,
456,Jesus Is All The World To Me,,organ preludes on hymns old and new,12,hustad,
457,Jesus Led Me All The Way,,he leadeth me: organ solos,10,whitworth,
458,Jesus Lives! The Victory's Won!,"Jesus, Meine Zuversicht",david cherwien hymn interpretation series: holy week & easter,3,cherwien,Easter
459,Jesus Loves Me,,blessed assurance,19,varner,
460,Jesus Loves Me,China,fill the earth with music: easy music for organ,19,keyser,
461,Jesus Loves Me,,eight quiet preludes on american hymntunes,6,callahan,
462,Jesus Paid It All,All to Christ,communion call-meditations for organ,46,pethel,
463,Jesus Shall Reign,Duke Street,risen & exalted an eastertide celebration for organ,27,smith,Easter
464,Jesus Shall Reign,,big brown book of organ solos,36,boud,
465,Jesus Walked This Lonesome Valley,,the organist in season: spring,43,wood,Holy Week
466,Jesus Wants Me For A Sunbeam,,hymns for organ: artistic expressions of faith and joy,18,hayes,
467,"Jesus, Greatest At The Table",New Malden,"were you there: easy hymn preludes for palm sunday, holy week, and easter",12,kerr,Good Fri
468,"Jesus, I Will Ponder Now","Jesu Kreuz, Leiden und Pein",11 compositions for organ set 5,36,ore,
469,"Jesus, Lead Thou On",Seelenbraeutigam,the parish organist: wedding music,18,manz,
470,"Jesus, Lead Thou On",Seelenbraeutigam,the parish organist part three,55,bach,
471,"Jesus, Priceless Treasure","Jesu, meine Freude",11 compositions for organ set 5,33,ore,
472,"Jesus, Saviour, Pilot Me",,organ preludes on hymns old and new,32,hustad,
473,"Jesus, Still Lead On",Seelenbrautigam,david cherwien hymn interpretation series: holy week & easter,20,cherwien,Lent
474,"Jesus, The Very Thought Of Thee",Windsor,the parish organist part twelve,62,willan,
475,"Jesus, Thou Joy Of Loving Hearts",Quebec,continuous communion meditations for organ,14,parker,Lent
476,"Jesus, Thy Blood And Righteousness",German,diane bish organ book,42,bish,
477,"Jesus, Thy Blood And Righteousness",St. Crispin,the parish organist part three,42,bouman,
478,"Joseph Dearest, Joseph Mine","Joseph Lieber, Joseph Mein",festive hymn settings for advent christmas and epiphany,4,burkhardt,Christmas
479,Joshua Fit The Battle Of Jericho,,big brown book of organ solos,28,boud,
480,Joy Dawned Again On Easter Day,Puer Nobis Nascitur,easter glory! festive organ music for the season,3,smith,Easter
481,Joy To The World,Antioch,11 compositions for organ set 5,5,ore,Christmas
482,Joy To The World,Antioch,the complete organist,26,ritter,Christmas
483,"Joyful, Joyful We Adoree You",Alleluia,favorite hymns for organ,15,hebble,
484,Joyous Praise Unending,,easy organ library vol 58,52,smith,
485,Just As I Am,Woodworth,easy organ library vol 58,79,johnson,
486,Just As I Am,Woodworth,come to the alter,22,smith,
487,Just As I Am,Woodworth,best ever gospel songs for organ,28,birchwood,
488,Just As I Am,Woodworth,footsteps of jesus: favorite hymns and gospel songs for organ,18,smith,
489,Just As I Am,,softly and tenderly: organ meditations on well-known gospel hymns,20,wood,
490,King Of Love,,prelude to the wedding for organ,22,wilson,
491,King Of Love Prelude,Vater Unser,the organist in season: summer,40,haan,General
492,Kum Ba Yah,Kum Ba Yah,eight hymn preludes for organ,10,diemer,
493,La Rejouissance Music For The Royal Fireworks,,the complete wedding collection,51,handel,
494,Lacquiparle,,eight quiet preludes on american hymntunes,18,callahan,
495,Ladue Chapel (Ronald Arnatt),Ladue Chapel,the bristol collection,11,hancock,
496,Lamb Of God,,glad adoration,27,hamlin,
497,Lamb Of God Most Holy,"O Lamm, Unschuldig",david cherwien hymn interpretation series: holy week & easter,24,cherwien,Lent
498,"Lamb Of God, We Fall Before Thee",Ringe recht,the parish organist part three,38,markworth,
499,Land Of Rest,Land of Rest,americana organ settings of early american hymns,30,martin,
500,Land Of Rest,,favorite hymns for organ,18,hebble,
501,Largo ,,old english organ music for manuals book 2,7,travers,
502,Largo From Xerxes,,from this day forward,29,handel,
503,Laudation,,pipe dusters vol 3,6,martin,
504,Lay My Sins On Jesus,Munich,communion call-meditations for organ,19,glyncannon,
505,Lead Kindly Light,Lux Benigna,favorite hymns for organ,50,hebble,
506,"Lead On, O King Eternal",,big brown book of organ solos,33,boud,
507,"Lead On, O King Eternal",Lancashire,gather in praise: ten hymns of praise for organ,30,ritter,
508,Leaning On The Everlasting Arms,Showalter,footsteps of jesus: favorite hymns and gospel songs for organ,24,smith,
509,Lenten Meditation,,the complete organist,48,blake,Lent
510,Let All Mortal Flesh Keep Silent,Picardy,the complete organist,122,smith,Advent
511,Let All Mortal Flesh Keep Silent,Contemplation,the organ music of richard purvis three christmas preludes,2,purvis,Advent
512,Let All Mortal Flesh Keep Silent,Picardy,the parish organist part twelve,6,casner,
513,Let All Things Now Living,Ash Grove,the organist in season: autumn,18,krapf,
514,Let All Together Praise Our God,"Lobt Gott, Ihr Christen",festive hymn settings for advent christmas and epiphany,59,burkhardt,Christmas
515,Let Praise Ring Forth,,god of glory: easy festive postludes for organ,18,broughton,
516,Let The Trumpet Sound!,,god of glory: easy festive postludes for organ,38,smith,
517,Let Us Break Bread Together,Let Us Break Bread,continuous communion meditations for organ,22,parker,Lent
518,Let Us Break Bread Together,,communion call-meditations for organ,11,hegarty,
519,Let Us Break Bread Together,,eight quiet preludes on american hymntunes,12,callahan,
520,Let Us Break Bread Together,Let Us Break Bread,hymns for organ: artistic expressions of faith and joy,24,hayes,
521,Let Us Break Bread Together,,spirituals and more for organ,14,rinehart,
522,Let Us Ever Walk With Jesus,Lasset uns mit Jesu ziehen,the parish organist: wedding music,24,hillert,
523,Let Us Talents And Tongues Employ,Linstead,amen: world hymns for organ,18,kerr,
524,Let Us Talents And Tongues Employ,Linstead,o god beyond all praising,14,cherwien,
525,Let Your Light So,,the complete organist,119,birchwood,Missions
526,Liebestraum,,the complete wedding collection ii,54,lizst,
527,Life Everlasting,,pipe dusters vol 3,12,paxton,
528,Lift High The Cross,Crucifer,six general hymn improvisations set 2,8,burkhardt,
529,Lift Up The Gates Eternal (Psalm 24),,god with us: eleven pieces for organ,22,diemer,
530,Lift Up Your Heads,Truro,the parish organist part twelve,54,weiss,
531,"Light Of Lights, Lord Of Lords",,go forth in faith: festive music of praise for organ,12,birchwood,
532,Like The Murmur Of The Dove's Song,Bridegroom,six preludes for the church year,24,hobby,Pentecost
533,Liverpool,Mercer's Cluster,americana organ settings of early american hymns,8,martin,
534,Living For Christ,,god of glory: easy festive postludes for organ,46,smith,
535,Lo! He Comes With Clouds Descending,St. Thomas,the parish organist part twelve,39,manz,
536,"Look, Ye Saints",Bryn Calfaria,the complete organist,80,chesterton,Ascension
537,"Lord Jesus Christ, My Life, My Light","O Jesu Christ, mein's",the parish organist part three,24,bach,
538,"Lord Jesus, Think On Me",Southwell,11 compositions for organ set 5,40,ore,
539,Lord Of All Hopefulness,Slane,funeral music for a manuals,7,callahan,Funeral
540,"Lord Of All Hopefulness, Lord Of All Joy",Slane,the parish organist part twelve,48,arnatt,
541,Lord Of All Life,,go forth in faith: festive music of praise for organ,6,broughton,
542,"Lord Of Glory, You Have Brought Us",Hyfrydol,11 compositions for organ set 5,38,ore,
555,"Lord's My Shepherd, I Shall Not Want",,prelude to the wedding for organ,6,mansfield,
543,"Lord, As To Thy Dear Cross We Flee",St. Bernard,the parish organist part twelve,14,busarow,
544,"Lord, Dismiss Us With Your Blessing",Sicilian Mariners,churchworks,18,koch,
545,"Lord, Dismiss Us With Your Blessing",Sicilian Mariners,the parish organist part twelve,44,johnson,
546,"Lord, I Want To Be A Christian",I Want to Be a Christian,diane bish organ book,18,bish,
547,"Lord, Lift Me Up And Let Me Stand",Higher Ground,blessed be the name,62,keeney,
548,"Lord, Revive Us","Lord, Revive Us",americana organ settings of early american hymns,24,martin,
549,"Lord, Speak To Me, That I May Speak",,"rejoice, the lord is king",37,haan,
550,"Lord, Take My Hand And Lead Me",So Nimm Denn Meine Hande,six general hymn improvisations set 2,16,burkhardt,
551,"Lord, Teach Us How To Pray Aright",St. Hugh,choral preludes based on famous hymn tunes vol 1 (lent),3,rowley,Lent
552,"Lord, When We Bend Before Thy Throne",St. Flavian,the parish organist part twelve,28,canning,
553,"Lord, Whose Love Im Humble Service",Beach Spring,david cherwien hymn interpretation series: holy week & easter,28,cherwien,Lent
554,"Lord, Why Have You Forsaken Me",Distress,americana organ settings of early american hymns,27,martin,
556,"Love Divine, All Love Excelling",Hyfrydol,11 compositions for organ set 5,38,ore,
557,"Love Divine, All Loves Excelling",Hyfrydol,love divine: six hymntunes on wesley texts,4,burkhardt,
558,Love Lifted Me,Safety,blessed be the name,36,smith,
559,"Love, Divine, All Love Excelling",O du Liebe,the parish organist part three,16,klotz,
560,Lyon 59,Lyon,the bristol collection,40,hancock,
561,Make Me A Channel Of Your Peace,,sing a new song,19,wagner,
562,"Many And Great, O God, Are They Things",Lacquiparte,eight hymn preludes for organ,22,diemer,
563,"Many And Great, O God, Are Your Works",Lac Qui Parle,many and great hymn settings for organ,20,farlee,
564,March From Occasional Oratorio,,the complete wedding collection ii,26,handel,
565,March From Richard The First,,from this day forward,68,handel,
566,March In D,,the complete wedding collection ii,28,purcell,
567,March Magnifique,,from this day forward,88,williams,
568,March Triumphant Into Jerusalem,,pipe dusters,13,thygerson,
569,Marche De Fete,,exaltation festive processionals for organ,9,wood,
570,Marching To Zion,,three nineteenth century revival hymns,5,ferguson,
571,Materna,,eight quiet preludes on american hymntunes,10,callahan,
572,May Jesus Christ Be Praised,,big brown book of organ solos,68,wyrtzen,
573,Meditation From Thais,,the complete wedding collection ii,39,massenet,
574,"Meditation On ""O Store Gud""",O Store Gud,easy organ library vol 58,68,wagner,
575,Meditation On Beach Spring,Beach Spring,chimings for organ,8,livingston,
576,Meditation On Gordon,Gordon,communion call-meditations for organ,8,peterson,
577,Meditation On O How I Love Jesus,,blessed be the name,54,rasley,
578,Meditation On Veni Emmanuel,,the complete organist,32,scriveyner,Advent
579,Meditation Religieus,,chimings for organ,34,macklin,
580,Melodie,,chimings for organ,22,jansson,
581,Melodie,,prelude to the wedding for organ,36,jansson,
582,Messiah Comes On Wings Of Hope,Dove of Peace,an american suite for organ,27,dahl,
583,Midnight Stars Make Bright The Skies,Huan-sha-xi,amen: world hymns for organ,22,kerr,
584,Moment By Moment,Whittle,the everlasting arms,15,smith,
585,More About Jesus,Sweney,footsteps of jesus: favorite hymns and gospel songs for organ,30,smith,
586,More About Jesus,Sweney,our gospel legacy: easy hymn arrangements for organ,40,kendall,
587,"More Love To Thee, O Christ",,chimings for organ,19,moore,
588,Morning Bells,,chimings for organ,10,smith,
589,Morning Has Broken,Bunessan,big brown book of organ solos,10,boud,
590,Morning Has Broken,Bunessan,hymns for organ: artistic expressions of faith and joy,28,hayes,
591,Morning Has Broken,Bunessan,morning has broken: three quiet hymn settings for worship,3,langlois,
592,Morning Has Broken,Bunessan,prelude to the wedding for organ,14,broughton,
593,Morning Song,Wyeth's Repository of Sacred Music,americana organ settings of early american hymns,5,martin,
594,Morning Song,,chimings for organ,18,mccrory,
595,"Mothering God, You Gave Me Birth",Norwich,o god beyond all praising,17,cherwien,
596,Musette,,baroque music for manuals,6,handel,
597,"My Country, 'tis Of Thee",America,the complete organist,96,turner,Patriotic
598,My Faith Has Found A Resting Place,Norse Air,blessed be the name,42,turner,
599,My Faith Looks Up To Thee,Olivet,fill the earth with music: easy music for organ,21,keyser,
600,My Faith Looks Up To Thee,Olivet,the organist in season: spring,12,karvonen,Holy Week
601,My Faith Looks Up To Thee,,spirituals and more for organ,16,rinehart,
602,My Faith Looks Up To Thee,Olivet,the parish organist part three,30,arbatsky,
603,My Heart Ever Faithful,,prelude to the wedding for organ,3,bach,
604,My Hope Is Built On Nothing Less,The Solid Rock,six gospel hymn preludes,17,held,
605,"My Jesus, I Love Thee",,blessed assurance,50,varner,
606,"My Jesus, I Love Thee",Gordon,diane bish organ book,25,bish,
607,My Shepherd Will Supply My Need,Resignation,hymns for organ: artistic expressions of faith and joy,8,hayes,
608,Near The Cross,Near the Cross,"o sacred head: an organ collection for palm sunday, holy week and easter",21,ritter,Holy Week
609,Near The Cross,,organ preludes on hymns old and new,26,hustad,
610,Near The Cross,Near the Cross,our gospel legacy: easy hymn arrangements for organ,37,ritter,
611,Near The Cross,,a quiet time in the garden of prayer,18,caudill,
612,Near To The Heart Of God,,he leadeth me: organ solos,30,whitworth,
613,Nearer Medley,Near to the Heart of God,blessed be the name,8,clarke,
614,"Nearer, My God To Thee",Bethany,diane bish organ book,12,bish,
615,"Nearer, My God To Thee",Horbury,choral preludes based on famous hymn tunes vol 5,7,rowley,
616,"Nearer, My God To Thee",Bethany,every time i feel the spirit,24,elliott,
617,"Nearer, Still Nearer",Morris,footsteps of jesus: favorite hymns and gospel songs for organ,21,smith,
618,Nettleton (Sinner's Call),Nettleton,the bristol collection,5,hancock,
619,Neumark (Wer Nur Den Lieben Gott),Neumark,the bristol collection,37,hancock,
620,No Tramp Of Soldiers' Marching Feet,Kingsfold,"were you there: easy hymn preludes for palm sunday, holy week, and easter",8,kerr,Lent
621,No Wind At The Window,Columcille,festive hymn settings for advent christmas and epiphany,14,burkhardt,Advent
622,"No, Not One",No Not One,footsteps of jesus: favorite hymns and gospel songs for organ,10,smith,
623,Nocturne From A Midsummer Night's Dream,,from this day forward,14,mendelssohn,
624,"Nocturne From Opus 9, No 2",,prelude to the wedding for organ,46,chopin,
625,Noel Toccate,Noel Nouvelet,the organist in season: winter,28,young,Christmas
626,Not All The Blood Of Beasts,Southwell,11 compositions for organ set 5,40,ore,
627,Now All The Vault Of Heaven Resounds,Lasst uns Erfreuen,pipe dusters vol 3,33,mansfield,
628,Now Herald We The King,,power and praise: festive organ music for the service,26,paxton,
629,Now Rest Beneath Night's Shadow,"O Welt, ich muss dich lassen",the parish organist part three,26,bach,
630,Now Thank We All Our God,Nun Danket Alle Gott,the complete organist,125,smith,Thanksgiving
631,Now Thank We All Our God,Nun Danket Alle Gott,churchworks,20,koch,
632,Now Thank We All Our God,,the complete wedding collection,54,karg-elert,
633,Now Thank We All Our God,Nun Danket All Gott,the complete wedding collection ii,49,rembt,
634,Now Thank We All Our God,Nun Danket Alle Gott,the organist in season: autumn,38,beverst,
635,Now Thank We All Our God,Nun danket,prelude to the wedding for organ,43,hughes,
636,Now Thank We All Our God,Nun danket alle Gott,the parish organist: wedding music,32,bender,
637,Now Thank We All Our God From Cantata No. 79,Nun Danket All Gott,the complete wedding collection ii,5,bach,
638,"Now, On Land And Sea Descending",Vesper Hymn,god with us: eleven pieces for organ,14,diemer,
639,Nuptial Blessing,,from this day forward,38,batiste,
640,O Beautiful For Spacious Skies,Materna,the complete organist,78,broughton,Patriotic
641,O Blessed Holy Trinity,O heilige Dreifaltigkeit,the parish organist part three,22,bender,
642,"O Christ, Our Hope, Our Heart's Desire",,"rejoice, the lord is king",16,haan,
643,"O Christ, Your Heart, Compassionate",Ellacombe,churchworks,22,koch,
644,O Come And Mourn With Me Awhile,Kedron,the complete organist,82,morrison,Holy Week
645,"O Come, All Ye Faithful",,big brown book of organ solos,102,torrans,
646,"O Come, O Come Emmanuel",Veni Emmanuel,festive hymn settings for advent christmas and epiphany,18,burkhardt,Advent
647,O Day Of Peace,Jerusalem,many and great hymn settings for organ,22,farlee,
648,O Day Of Rest And Gladness,Woodbird,the parish organist part twelve,64,diercks,
649,O God Beyond All Praising,Thaxted,o god beyond all praising,2,cherwien,
650,O God In Heaven,Halad,amen: world hymns for organ,24,kerr,
651,"O God, Our Help In Ages Past",St. Anne,funeral music for a manuals,3,callahan,Funeral
652,"O God, Our Help In Ages Past",St. Anne,praise and thanksgiving hymn improvisations set 7,15,burkhardt,
653,"O God, Our Help In Ages Past",St. Anne,power and praise: festive organ music for the service,43,bliss,
654,"O God, Our Help In Ages Past",St. Anne,the parish organist part three,40,miles,
655,"O God, Thou Faithful God",,gather in praise: ten hymns of praise for organ,15,broughton,
656,"O God, Thou Faithful God","O Gott, du frommer Gott",the parish organist part three,18,walther,
657,"O Jesus, I Have Promised",Angel's Story,god with us: eleven pieces for organ,2,diemer,
658,O Little Town Of Bethlehem,Forest Green,festive hymn settings for advent christmas and epiphany,50,burkhardt,Christmas
659,O Lord What A Mornin',,spirituals and more for organ,1,rinehart,
660,"O Lord, Turn Not Thy Face From Me",St. Mary,choral preludes based on famous hymn tunes vol 1 (lent),7,rowley,Lent
661,O Love That Will Not Let Me Go,St. Margaret,favorite hymns for organ,33,hebble,
662,O Love That Will Not Let Me Go,,a quiet time in the garden of prayer,13,caudill,
663,"O Master, Let Me Walk With Thee",Maryton,the organist in season: summer,16,karvonen,Prayer
664,O Morning Star,Wie Schon Leuchtet,the complete organist,34,ritter,Epiphany
665,O Perfect Life Of Love,Southwell,the parish organist part three,58,canning,
666,O Perfect Love,,the complete wedding collection,35,linker,
667,O Perfect Love,,from this day forward,17,barnby,
668,"O Sacred Head, Now Wounded",Herzlich Tut Mich Verlangen,"were you there: easy hymn preludes for palm sunday, holy week, and easter",14,kerr,Lent
669,"O Sacred Head, Now Wounded",Herzlich Tut Mich Verlangen,"o sacred head: an organ collection for palm sunday, holy week and easter",27,garber,Holy Week
670,"O Sacred Head, Now Wounded",,big brown book of organ solos,126,torrans,
671,"O Sacred Head, Now Wounded",,communion call-meditations for organ,6,pachelbel,Lent
672,"O Sacred Head, Now Wounded",,organ preludes on hymns old and new,30,hustad,
673,"O Sacred Head, Now Wounded",Passion Chorale,the organist in season: spring,30,wyton,Holy Week
674,"O Saviour, Precious Savior",Watermouth,the parish organist part twelve,60,willan,
675,"O Saviour, Precious Savior",Angel's Story,the parish organist part twelve,60,willan,
676,O That Will Be Glory,Glory Song,best ever gospel songs for organ,30,peterson,
677,O They Tell Me Of A Home,The Uncloaded Day,blessed be the name,44,moore,
678,"O Thou, In Whose Presence",Davis,americana organ settings of early american hymns,14,martin,
679,O Where Are Kings And Empires Now,Tallis Ordinal,the parish organist part twelve,50,rohlig,
680,O Worship The King,,fanfare and pageant of praise,10,hayden,
681,O Worship The King,,he leadeth me: organ solos,5,whitworth,
682,O Worship The King,Lyons,power and praise: festive organ music for the service,46,paxton,
683,O Worship The King Festal Prelude,Lyons,adoration,3,lau,
684,"O Zion Haste, Thy Mission High Fulfilling",Tidings,the parish organist part twelve,52,olsen,
685,Ode To Life,,prelude to the wedding for organ,28,wagner,
686,Of Th Glorious Body Telling,Pange Lingua,churchworks,32,koch,
687,Offertory On Maitland,Maitland,communion call-meditations for organ,28,broughton,
688,"Oft In Danger, Oft In Woe",University College,the parish organist part twelve,58,fetler,
689,"Oh, Bless The Lord, My Soul",St. Thomas,the parish organist part three,48,willan,
690,"Oh, Blest The House, Whate'er Befall",Wo Gott zum Haus,the parish organist: wedding music,31,jenne,
691,"Oh, For A Thousand Tongues To Sing",Azmon,churchworks,24,koch,
692,"Oh, For A Thousand Tongues To Sing",Azmon,love divine: six hymntunes on wesley texts,23,burkhardt,
693,"Oh, For A Thousand Tongues To Sing",Azmon,"loud praise to christ, our king! festive hymn settings for organ",25,martin,
694,"Oh, That I Had A Thousand Voices",O dass ich tausend,the parish organist part three,12,metzger,
695,"Oh, That I Had A Thousand Voices",O dass ich tausend,the parish organist part three,14,reger,
696,"Oh, Worship The King",Lyons,ancient of days 3 hymns of praise,14,laubengaye,
697,Old 113th Festal Prelude,Old 113th,pipe dusters,29,martin,
698,Old Hundredth Variations,Old Hundredth,adoration,9,lau,
699,On Christ The Solid Rock I Stand,Solid Rock,best ever gospel songs for organ,3,mason,
700,On Christ The Solid Rock I Stand,Solid Rock,pull out all the stops volume 3,7,mason,
701,On Christmas Day In The Morn,The Holly and the Ivy,easy organ library vol 58,61,harris,Advent
702,On Eagle's Wings,,sing a new song,22,wagner,
703,On Jordan's Bank The Baptist's Cry,Puer Nobis Nascitur,festive hymn settings for advent christmas and epiphany,24,burkhardt,Advent
704,On Jordan's Stormy Banks I Stand,Promised Land,hymns for the saints for organ,8,burkhardt,
705,On Our Way Rejoicing,Hermas,power and praise: festive organ music for the service,12,smith,
706,On This Day The Earth Shall Ring,Personet Hodie,six preludes for the church year,10,hobby,Christmas
707,Once To Every Man And Nation,Ebenezer,nine hymn preludes for organ,22,young,
708,Once We Sang And Danced,Kas Dziedaja,amen: world hymns for organ,27,kerr,
709,Only Trust Him,Stockton,come to the alter,27,smith,
710,Only Trust Him,Stockton,close to thee: artistic organ settings of eduring gospel songs,29,southbridge,
711,Only Trust Him,Stockton,our gospel legacy: easy hymn arrangements for organ,43,broughton,
712,Open My Eyes,Open My Eyes,blessed be the name,15,hughes,
713,Our Christ Ascends,,the complete organist,72,kendall,Ascension
714,Our Christ Ascends,,god of glory: easy festive postludes for organ,12,kendall,
715,"Our Father, Thou In Heaven Above",Vater unser,the parish organist part three,62,praetorius,
716,Our Great Saviour,,fanfare and pageant of praise,29,wyrtzen,
717,"Pass Me Not, O Gentle Savior",Pass Me Not,blessed be the name,18,smith,
718,"Pass Me Not, O Gentle Savior",Pass Me Not,chimings for organ,26,broughton,
719,Pastoral Symphony From Messiah,,from this day forward,40,handel,
720,Pastorale,,the complete organist,20,smith,Advent
721,Pastorale,,adoration,24,lau,
722,Pastorale,,baroque music for manuals,20,sammartini,
723,Pastorale,,old english organ music for manuals book 2,20,hayes,
724,Pastorale On A Theme By Mendelssohn,,every time i feel the spirit,14,elliott,
725,Peace,Peace,americana organ settings of early american hymns,26,martin,
726,Peace To My Soul,,the complete organist,54,barnett,Lent
727,"People, Look East",Besancon,the organist in season: winter,3,wood,Advent
728,Petite Promenade,,exaltation festive processionals for organ,25,wood,
729,Picardy Prelude,,the organist in season: winter,18,martin,Advent
730,Pisgah,Pisgah,americana organ settings of early american hymns,6,martin,
731,Playford (Harmonia Sacra),Playford,the bristol collection,8,hancock,
732,Postlude In B Flat,,easy organ library vol 58,100,simper,
733,Postlude In C,,pipe dusters vol 3,46,kihlken,
734,Postlude In G,,power and praise: festive organ music for the service,6,kihlken,
735,Postlude On Italian Hymn,,the complete organist,128,broughton,Holy Trinity
736,Praise And Thanksgiving,Bunessan,morning has broken: three quiet hymn settings for worship,3,langlois,
737,Praise God From Whom All Blessing Flow,Old 100th,"loud praise to christ, our king! festive hymn settings for organ",30,martin,
738,Praise God From Whom All Blessing Flow,Old Hundredth,the parish organist part three,7,bach,
739,Praise God In His Holy Temple,,god of glory: easy festive postludes for organ,41,scott,
740,Praise Him With Trumpets,,god of glory: easy festive postludes for organ,10,blake,
741,Praise Him! Praise Him!,Joyful Song,go forth in faith: festive music of praise for organ,8,ritter,
742,Praise The Almighty,"Lobe Den Herren, O Meine Seele",praise and thanksgiving hymn improvisations set 3,14,burkhardt,
743,Praise The Lord Who Reigns Above,Amsterdam,easy organ library vol 58,76,wagner,
744,"Praise The Lord! Ye Heavens, Adore Him",Hyfrydol,all hymns bright and beautiful,27,blake,
745,"Praise The Lord! Ye Heavens, Adore Him",Hyfrydol,gather in praise: ten hymns of praise for organ,3,smith,
746,"Praise The Lord, Who Reigns Triumphant",,power and praise: festive organ music for the service,21,paxton,
747,"Praise To The Lord, The Almighty",Lobe Den Herren,diane bish organ book,20,bish,
748,"Praise To The Lord, The Almighty",,the complete wedding collection,9,walther,
749,"Praise To The Lord, The Almighty",Lobe den Herren,the parish organist part twelve,5,zipp,
750,"Praise, My Soul, The King Of Heaven",,big brown book of organ solos,22,wyrtzen,
751,"Praise, My Soul, The King Of Heaven",Lauda Anima,gather in praise: ten hymns of praise for organ,18,hughes,
752,Prayer,,chimings for organ,41,riggs,
753,Prayer,,the complete wedding collection ii,44,lemmens,
754,Prayer For Communion,,communion call-meditations for organ,30,livingston,
755,"Precious Lord, Take My Hand",Precious Lord,god with us: eleven pieces for organ,8,diemer,
756,"Precious Lord, Take My Hand",Precious Lord,six gospel hymn preludes,3,held,
757,"Precious Lord, Take My Hand",,spirituals and more for organ,10,rinehart,
758,Prelude In Classic Style,,prelude to the wedding for organ,30,young,
759,Prelude In G,,old english organ music for manuals book 2,21,linley,
760,"Prelude On ""St. Christopher""",St. Christopher,easy organ library vol 58,72,thygerson,
761,Prelude On Born Again,Born Again,blessed be the name,57,keeney,
762,Prelude On Charlestown,Charlestown,"o sacred head: an organ collection for palm sunday, holy week and easter",15,smith,Holy Week
763,Prelude On Cleansing Fountain,Cleansing Fountain,blessed be the name,47,paxton,
764,Prelude On Ellacombe,Ellacombe,"come, christians, join to sing",4,harmon,
765,Prelude On Llanfair,Llanfair,easter glory! festive organ music for the season,34,smith,Easter
766,Prelude On Morning Star,,the complete organist,29,balcombe,Epiphany
767,Prelude On Spanish Hymn,Spanish Hymn,"come, christians, join to sing",8,harmon,
768,Prelude On St. Dunstan's,St. Dunstan's,the organist in season: autumn,8,bock,
769,Prelude On Stuttgart,Stuttgart,the bristol collection,24,hancock,
770,Prelude On Terra Beata,Terra Beata,"come, christians, join to sing",18,harmon,
771,Prelude To Te Deum,,from this day forward,77,charpentier,
772,Preludeon Toplady,Toplady,the bristol collection,21,hancock,
773,Prepare The Royal Highway,Bereden vag for Herran,11 compositions for organ set 5,8,ore,
774,Presence Diving,,chimings for organ,40,smith,
775,Priere A Notre Dame,,easy organ library vol 58,64,boellman,
776,Priere A Notre Dame From Suite Gothique,,the complete wedding collection,20,boellmann,
777,Processional For A Joyful Day,,exaltation festive processionals for organ,21,wood,
778,Processional In G Major,,the complete wedding collection,18,stanley,
779,Promised Land,Promised Land,americana organ settings of early american hymns,3,martin,
780,Prospect,Prospect,simple gifs: four american hymn preludes for organ,10,kosche,
781,Psalm 149,,the organist in season: autumn,14,diemer,All Saints Day
782,Psalm 19,,the complete wedding collection,24,marcello,
783,Psalm 19,,from this day forward,84,marcello,
784,Psalm 19,,the parish organist: wedding music,8,marcello,
785,Psalm 80,Psalm 42,the organist in season: winter,6,diemer,Advent
786,Psalm Of Glory,,pipe dusters,16,wells,
787,Puer Nobis Nascitur Variations,Puer Nobis Nascitur,favorite hymns for organ,22,hebble,
788,Purer In Heart,,blessed be the name,53,ritter,
789,Reflection On An Ancient Plainsong,Veni Emmanuel,easy organ library vol 58,42,ryan,
790,Reflections On O Store Gud,O Stor Gud,blessed be the name,12,glyncannon,
791,Rejoice Ye Pure In Heart,,big brown book of organ solos,44,torrans,
792,"Rejoice, The Lord Is King",Darwall's 148th,risen & exalted an eastertide celebration for organ,24,smith,Ascension
793,"Rejoice, The Lord Is King",Darwall's 148th,the complete organist,42,mason,Ascension
794,"Rejoice, The Lord Is King",Darwell's 148th,all hymns bright and beautiful,9,ritter,
795,"Rejoice, The Lord Is King",Darwall's 148th,love divine: six hymntunes on wesley texts,20,burkhardt,
796,"Rejoice, The Lord Is King",,"rejoice, the lord is king",3,haan,
797,"Rejoice, The Lord Is King",Darwall's 148th,power and praise: festive organ music for the service,3,smith,
798,Remembrance,,communion call-meditations for organ,22,binckes,
799,Remembrance,,communion call-meditations for organ,33,koury,
800,Restful Moment Interlude,,chimings for organ,21,moore,
801,Restoration,Restoration,americana organ settings of early american hymns,10,martin,
802,"Ride On, Ride On In Majesty",Winchester New,"were you there: easy hymn preludes for palm sunday, holy week, and easter",4,kerr,Palm Sun
803,Rigaudon,,the complete wedding collection,31,campra,
804,Rigaudon From Idominee,,from this day forward,80,campra,
805,Rise And Rejoice,,go forth in faith: festive music of praise for organ,34,ritter,
806,Rise Up And Serve The Lord,Festal Song,the complete organist,105,harris,Missions
807,"Rise Up, O Saints Of God",Festal Song,hymns for the saints for organ,4,burkhardt,
808,"Rise, O Children Of Salvation",Unser herrscher,pipe dusters vol 3,23,bliss,
809,"Rock Of Ages, Cleft For Me",Toplady,diane bish organ book,10,bish,
810,"Rock Of Ages, Cleft For Me",Redhead,choral preludes based on famous hymn tunes vol 1 (lent),15,rowley,Lent
811,"Rondeau From Premiere Suite, 1st Movement",,the complete wedding collection,60,mouret,
812,"Rondeau From Suitte De Simphonies, No 1",,from this day forward,72,mouret,
813,Safe In His Care,,chimings for organ,11,paxton,
814,Salvation,Salvation,americana organ settings of early american hymns,22,martin,
815,Samanthra,,eight quiet preludes on american hymntunes,21,callahan,
816,Sarabande,,baroque music for manuals,17,leclair,
817,"Savior, Like A Shepherd Lead Us",,from this day forward,23,bradbury,
818,"Savior, Thy Dying Love",Something for Jesus,come to the alter,15,smith,
819,"Savior, When In Dust To Thee",Spanish Chant,the parish organist part three,56,bunjes,
820,"Saviour Of The Nations, Come","Nun Komm, der Heiden Heiland",the parish organist part three,10,buttstedt,
821,"Saviour, Again To Thy Dear Name",Ellers,favorite hymns for organ,20,hebble,
822,"Saviour, Like A Shepherd Lead Us",,softly and tenderly: organ meditations on well-known gospel hymns,26,wood,
823,See How Great A Flame Aspires,Arfon,pull out all the stops volume 3,25,scriveyner,
824,"See, The Conqueror Mounts In Triumph",Rex Gloriae,the parish organist part twelve,12,niblock,
825,Send The Light,McCabe,blessed be the name,39,turner,
826,Sent Forth By God's Blessing,The Ash Grove,11 compositions for organ set 5,50,ore,
827,Serenade,,prelude to the wedding for organ,40,widor,
828,Serenity,,chimings for organ,25,wells,
829,Shall We Gather At The River,At the River,american folk hymn suite for organ,7,burkhardt,
830,Shall We Gather At The River,,best ever gospel songs for organ,21,sewell,
831,Shall We Gather At The River,Hanson Place,our gospel legacy: easy hymn arrangements for organ,3,smith,
832,Share His Love With All The World,,go forth in faith: festive music of praise for organ,10,watkins,
833,Shepherds! Shake Off Your Drowsy Sleep,,spirituals and more for organ,22,rinehart,
834,Simple Gifts,,favorite hymns for organ,3,hebble,
835,Simple Gifts,,simple gifs: four american hymn preludes for organ,4,kosche,
836,Sinfonia,,baroque music for manuals,15,purcell,
837,Sing A New Song,,sing a new song,14,wagner,
838,Sing Praise To God,Mit Freuden Zart,ancient of days 3 hymns of praise,2,laubengaye,
839,Sing Praise To God Who Reigns Above,Mit Freuden Zart,every time i feel the spirit,28,elliott,
840,Sing Praise To God Who Reigns Above,Mit Freuden Zart,"loud praise to christ, our king! festive hymn settings for organ",40,martin,
841,Sing To God With Heart And Voice,,from this day forward,90,williams,
842,Sing To His Name,,pipe dusters vol 3,26,martin,
843,Sing To The Lord Of Harvest,Steurlein,pipe dusters vol 3,16,eliot,Thanksgivin
844,Sing To The Lord Of Harvest,Steurlein,power and praise: festive organ music for the service,36,eliot,
845,Sing We Now Of Christmas,French Carol,easy organ library vol 58,55,krug,Christmas
846,Sing We Now Of Christmas,,big brown book of organ solos,82,griffin,
847,Slane,Slane,"o love, how deep: three hymn settings for organ",3,phillips,
848,Softly And Tenderly,,blessed assurance,35,varner,
849,Softly And Tenderly,Thompson,best ever gospel songs for organ,6,stockton,
850,Softly And Tenderly,,gospel hymn settings,2,held,
851,Softly And Tenderly,,organ preludes on hymns old and new,9,hustad,
852,Softly And Tenderly,,three nineteenth century revival hymns,12,ferguson,
853,Softly And Tenderly,,softly and tenderly: organ meditations on well-known gospel hymns,5,wood,
854,Soldiers Of The Lord,,power and praise: festive organ music for the service,29,hill,
855,Someone's Praying Lord,Kum Ba Yah,easy organ library vol 58,98,wagner,
856,Somerset Hills,Somerset Hills,the bristol collection,15,hancock,
857,Song For A New Year,,the organist in season: winter,38,martin,Epiphany
858,Soul Adorn Thyself With Gladness,Schmuecke dich,the parish organist part three,52,brahms,
859,Sound The Trumpet Of Victory,,"o sacred head: an organ collection for palm sunday, holy week and easter",44,harris,Easter
860,Souvenir,,prelude to the wedding for organ,24,hegarty,
861,Spirit Of God,Morecambe,the complete organist,69,smith,Pentecost
862,"Spirit Of God, Descend Upon My Heart",Morecambe,hymns for organ: artistic expressions of faith and joy,11,hayes,
863,"Spirit Of God, Descend Upon My Heart",,organ preludes on hymns old and new,14,hustad,
864,"Spread, Oh Spread, Thou Mighty Word",Hochster Priester,the parish organist part twelve,42,bouman,
865,St. Anne Ricercare,St. Anne,the organist in season: summer,28,young,General
866,St.Anthony Chorale,St. Anthony,the parish organist: wedding music,21,brahms,
867,"Stand Up, Stand Up For Jesus",,pipe dusters,53,mansfield,
868,Stretch Forth Thine Hane To Heal,,favorite hymns for organ,30,hebble,
869,"Stricken, Smitten, And Afflicted","O Mein Jesu, Ich Muss Sterben","were you there: easy hymn preludes for palm sunday, holy week, and easter",16,kerr,Lent
870,Surely Goodness And Mercy,,he leadeth me: organ solos,16,whitworth,
871,Sweet Hour Of Prayer,Sweet Hour,chimings for organ,12,ritter,
872,Sweet Hour Of Prayer,,best ever gospel songs for organ,24,bradbury,
873,Sweet Hour Of Prayer,,organ preludes on hymns old and new,28,hustad,
874,Sweet Hour Of Prayer,Sweet Hour,nine hymn preludes for organ,10,young,
875,Sweet Hour Of Prayer,,a quiet time in the garden of prayer,2,caudill,
876,Sweet Hour Of Prayer,,softly and tenderly: organ meditations on well-known gospel hymns,17,wood,
877,"Sweet, Sweet Spirit",,a quiet time in the garden of prayer,35,caudill,
878,Swing Five,"Erhault uns, Herr","organ, timbrel, and dance",4,michel,
879,Symphony From The Bell Anthem,,the parish organist: wedding music,17,purcell,
880,Take My Life And Let It Be,Hendon,come to the alter,6,smith,
881,Take My Life And Let It Be,Hendon,god with us: eleven pieces for organ,30,diemer,
882,Take My Life And Let It Be,Patmos,the parish organist part three,34,hulse,
883,"Take This Bread, Take This Cup",,communion call-meditations for organ,44,smith,
884,Take Thou My Hands And Lead Me,So nimm denn meine Haende,the parish organist: wedding music,22,wienhorst,
885,Take Time To Be Holy,Holiness,close to thee: artistic organ settings of eduring gospel songs,4,southbridge,
886,Take Time To Be Holy,Holiness,best ever gospel songs for organ,18,smith,
887,Te Deum,,the complete wedding collection ii,22,charpentier,
888,Tell Me About Jesus,,fill the earth with music: easy music for organ,29,keyser,
889,Tell Me The Story Of Jesus,Story of Jesus,best ever gospel songs for organ,12,becket,
890,The Bells Of Christmas,Det kimer Nu Til Julefest,festive hymn settings for advent christmas and epiphany,34,burkhardt,Christmas
891,The Brightest Trumpet,,power and praise: festive organ music for the service,18,ritter,
892,The Call To Victory,,god of glory: easy festive postludes for organ,26,paxton,
893,The Call To Victory,,pull out all the stops volume 3,28,paxton,
894,The Church's One Foundation,Aurelia,the complete organist,108,scott,Reformation
895,The Church's One Foundation,,organ preludes on hymns old and new,1,hustad,
896,The Church's One Foundation,Aurelia,six general hymn improvisations set 2,13,burkhardt,
897,The Church's One Foundation,Aurelia,pull out all the stops volume 3,13,mansfield,
898,The Clarion Call,,pull out all the stops volume 3,34,smith,
899,"The Day Thou Gavest, Lord, Is Ended",St. Clement,god with us: eleven pieces for organ,18,diemer,
900,The Everlasting Arms,,gospel hymn settings,4,held,
901,The Everlasting Arms,Showalter,the everlasting arms,3,smith,
902,The Festive Trumpet,,pull out all the stops volume 3,16,glyncannon,
903,The First Noel ,The First Nowell,festive hymn settings for advent christmas and epiphany,40,burkhardt,Christmas
904,The First Noel ,The First Nowell,festive hymn settings for advent christmas and epiphany,40,burkhardt,Epiphany
905,The Garden Of Prayer,,the complete organist,14,broughton,Holy Week
906,The Gates Of Jerusalem,,"o sacred head: an organ collection for palm sunday, holy week and easter",12,paxton,Palm Sun
907,The Gift Of Love,,four hymn meditations for organ,10,pethel,
908,The God Of Abraham Praise,Leoni,churchworks,10,koch,
909,The God Of Abraham Praise,Leoni,five preludes on familiar hymns for organ,8,hopson,
910,The God Of Abraham Praise,Leoni,every time i feel the spirit,18,elliott,
911,The God Of Abraham Praise,Leoni,nine hymn preludes for organ,6,young,
912,The God Of Abraham Praise,Yigdal,praise and thanksgiving hymn improvisations set 3,9,burkhardt,
913,The Golden Carol,,spirituals and more for organ,18,rinehart,
914,The Greatness Of The Lord,,go forth in faith: festive music of praise for organ,14,miles,
915,The Head That Once Was Crowned,St. Magnus,six preludes for the church year,20,hobby,Easter
916,The Head That Once Was Crowned,St. Magnus,the parish organist part twelve,32,barlow,
917,The Holly And The Ivy,,big brown book of organ solos,88,torrans,
918,The Holy Wings,Bred Dina Vida Vingar,morning has broken: three quiet hymn settings for worship,8,langlois,
919,The Joyful Trumpet,,go forth in faith: festive music of praise for organ,19,harris,
920,The Joyous Heart,,god of glory: easy festive postludes for organ,6,peterson,
921,The King Of Glory,,easter glory! festive organ music for the season,32,wells,Easter
922,The King Of Love My Shepherd Is,St. Columba,favorite hymns for organ,48,hebble,
923,The King Of Love My Shepherd Is,St. Columba,funeral music for a manuals,6,callahan,Funeral
924,The King Of Love My Shepherd Is,St. Columba,the parish organist part twelve,20,krapf,
925,The King Shall Come,Consolation,an american suite for organ,16,dahl,
926,The King Shall Come,Wyeth's Repository of Sacred Music,americana organ settings of early american hymns,5,martin,
927,The King Shall Come When Morning Dawns,St. Stephen,the parish organist part twelve,38,manz,
928,"The Lone, Wild Bird",Prospect,easy organ library vol 58,15,lau,
929,"The Lone, Wild Bird",Prospect,eight hymn preludes for organ,7,diemer,
930,"The Lord Reigns, Alleluia!",,god of glory: easy festive postludes for organ,29,peterson,
931,The Lord's My Shepherd,,"rejoice, the lord is king",40,haan,
932,"The Lord's My Shepherd, I'll Not Want",Crimond,nine hymn preludes for organ,25,young,
933,The Love Of God,Love of God,glad adoration,43,hamlin,
934,The Master Has Called Us,Ash Grove,gather in praise: ten hymns of praise for organ,24,ritter,
935,The Master Has Called Us,Ash Grove,four hymn meditations for organ,18,pethel,
936,The Master Hath Come,Ash Grove,fill the earth with music: easy music for organ,1,bailey,
937,The Name Of Jesus,,blessed be the name,26,lorenz,
938,The Old Rugged Cross,Old Rugged Cross,fill the earth with music: easy music for organ,12,keyser,
939,The Old Rugged Cross,The Old Rugged Cross,our gospel legacy: easy hymn arrangements for organ,6,thygerson,
940,The Old Rugged Cross,,a quiet time in the garden of prayer,18,caudill,
941,The Old Rugged Cross,,softly and tenderly: organ meditations on well-known gospel hymns,29,wood,
942,The People That In Darkness Sat,"Lobt Gott, Ihr Christen",festive hymn settings for advent christmas and epiphany,59,burkhardt,Christmas
943,The Power And The Glory,,pull out all the stops volume 3,43,smith,
944,The Precious Blood Of Jesus,,blessed be the name,32,broughton,
945,The Risen Christ!,,the complete organist,94,peterson,Easter
946,The Shepherd's Song,Drew,the organist in season: winter,24,martin,Christmas
947,The Solid Rock,Solid Rock,the everlasting arms,12,smith,
948,The Stranger Of Galilee,,blessed be the name,20,keeney,
949,The Strife Is O'er,Victory,risen & exalted an eastertide celebration for organ,3,smith,Easter
950,The Strife Is O'er,Victory,funeral music for a manuals,8,callahan,Funeral
951,The Strife Is O'er,Victory,easter glory! festive organ music for the season,28,smith,Easter
952,The Trumpet Shall Sound,,easter glory! festive organ music for the season,24,handel,Easter
953,The Trumpets Of Heaven,,pipe dusters vol 3,3,paxton,
954,The Voice That Breathed O'er Eden,Eden,choral preludes based on famous hymn tunes vol 5,23,rowley,
955,The Way Of The Cross Leads Home,Way of the Cross,our gospel legacy: easy hymn arrangements for organ,46,davis,
956,The Way Of The Cross Leads Home,Way of the Cross,pull out all the stops volume 3,40,davis,
957,Thee We Adore,Adoro te Devote,the organist in season: autumn,6,hebble,
958,There In God's Garden,Shades Mountain,o god beyond all praising,12,cherwien,
959,There In God's Garden,Shades Mountain,many and great hymn settings for organ,24,farlee,
960,There Is A Balm In Gilead,Balm in Gilead,adoration,21,lau,
961,There Is A Balm In Gilead,,a spiritual service based on african-american spirituals,6,inniss,
962,There Is A Fountain ,Cleansing Fountain,best ever gospel songs for organ,16,davidson,
963,There Is A Fountain Filled With Blood,Cleansing Fountain,americana organ settings of early american hymns,18,martin,
964,There Is A Green Hill Far Away,Green Hill,"o sacred head: an organ collection for palm sunday, holy week and easter",18,warriner,Holy Week
965,There Is A Green Hill Far Away,Green Hill,communion call-meditations for organ,39,glyncannon,
966,There's A Wideness In God's Mercy,"Lord, Revive Us",many and great hymn settings for organ,28,farlee,
967,They'll Know We Are Christians,St. Brendan's,easy organ library vol 58,22,leatherman,
968,Thine Forever! God Of Love,Savannah,the parish organist part twelve,42,bouman,
969,Thine Is The Glory,Judas Maccabeus,risen & exalted an eastertide celebration for organ,6,smith,Easter
970,Thine Is The Glory,Judas Maccabeus,"o sacred head: an organ collection for palm sunday, holy week and easter",28,glyncannon,Easter
971,This Is My Father's World,Terra Beata,the organist in season: summer,32,martin,Home
972,This Joyful Eastertide,Vruechten,the organist in season: spring,36,wood,Easter
973,This Little Light Of Mine,,spirituals and more for organ,4,rinehart,
974,"Thou Art The Way, To Thee Alone",St. James,the parish organist part twelve,30,krapf,
975,Though I May Speak,"O Waly, Waly",eight hymn preludes for organ,4,diemer,
976,Throned Upon The Awful Tree,Arfon,continuous communion meditations for organ,9,parker,Lent
977,"Thy Kingdom Come, O God!",St. Cecilia,the parish organist part twelve,18,boda,
978,Thy Table I Approach,St. Michael,the parish organist part three,21,bender,
979,Tis So Sweet To Trust In Jesus,Trust in Jesus,the everlasting arms,24,smith,
980,Tis So Sweet To Trust In Jesus,Trust in Jesus,our gospel legacy: easy hymn arrangements for organ,31,smith,
981,Title,TUNE,book,PAGE,composer/arranger,SEASON
982,To God All Glory Given,,pull out all the stops volume 3,10,sawyer,
983,To God Be The Glory,To God Be the Glory,easy organ library vol 58,48,johnson,
984,To God Be The Glory,To God Be the Glory,all hymns bright and beautiful,16,parker,
985,To God Be The Glory,,best ever gospel songs for organ,8,burkhardt,
986,To God Be The Glory,To God Be the Glory,our gospel legacy: easy hymn arrangements for organ,12,parker,
987,To The Glory Of God,,go forth in faith: festive music of praise for organ,31,peterson,
988,Toccata Eroica,,pipe dusters,56,broughton,
989,Toccata For A Feast Day,,pipe dusters,41,smith,
990,Toccata For Easter Morning,Christ ist Erstanden,the organist in season: spring,6,martin,Easter
991,Tranquil Waters,,chimings for organ,6,scriveyner,
992,Traumerei,,prelude to the wedding for organ,12,schumann,
993,Triumphal March,,"o sacred head: an organ collection for palm sunday, holy week and easter",4,turner,Palm Sun
994,Trumpet Finale,,baroque music for manuals,27,albinoni,
995,Trumpet March,,baroque music for manuals,5,clarke,
996,Trumpet Postlude,,pipe dusters vol 3,30,koury,
997,Trumpet Tune,,adoration,18,lau,
998,Trumpet Tune,,baroque music for manuals,8,handel,
999,Trumpet Tune,,baroque music for manuals,22,vivaldi,
1000,Trumpet Tune,,the complete wedding collection,58,clarke,
1001,Trumpet Tune,,god of glory: easy festive postludes for organ,44,harris,
1002,Trumpet Tune,,from this day forward,62,clarke,
1003,Trumpet Tune,,prelude to the wedding for organ,19,mccrory,
1004,Trumpet Tune,,the parish organist: wedding music,11,purcell,
1005,Trumpet Tune,,the parish organist: wedding music,16,purcell,
1006,Trumpet Tune In C,,easy organ library vol 58,70,ryan,
1007,Trumpet Voluntary,,old english organ music for manuals book 2,8,goodwin,
1008,Trumpet Voluntary,,the parish organist: wedding music,15,clarke,
1009,Trumpet Voluntary In D,,the complete wedding collection ii,12,stanley,
1010,Trumpet Voluntary Organ,,from this day forward,54,clarke,
1011,Trumpet Voluntary Prince Of Denmark,,the complete wedding collection,38,clarke,
1012,Una Sancta,Una Sancta,the bristol collection,17,hancock,
1013,Unto Us A Child Is Born,,pipe dusters,34,bach,
1014,Up From The Grave He Arose,,three nineteenth century revival hymns,16,ferguson,Easter
1015,"Variants On ""St. Anne""",St. Anne,easy organ library vol 58,82,williamson,
1016,Variations For Thanksgiving,,the complete organist,22,curtis,Thanksgiving
1017,Variations On Old Hundredth,Old Hundredth,the bristol collection,27,hancock,
1018,Veni Emmanuel Prelude,Veni Emmanuel,the organist in season: winter,15,wyton,Avent
1019,"Veni, Creator Spiritus Prelude",,the organist in season: spring,46,wyton,Pentecost
1020,Voluntary In A Minor,,old english organ music for manuals book 2,4,boyce,
1021,Voluntary In E Minor,,old english organ music for manuals book 2,18,stanley,
1022,Voluntary In G Minor,,old english organ music for manuals book 2,12,roseingrave,
1023,"Wake, Awake, For Night Is Flying",Wachet Auf,six preludes for the church year,3,hobby,Advent
1024,We Come To The Hungry Feast,Hungry Feast,o god beyond all praising,8,cherwien,
1025,We Gather Together,Kremser,the complete organist,116,ritter,Thanksgiving
1026,We Know That Christ Is Raised,Engelberg,david cherwien hymn interpretation series: holy week & easter,14,cherwien,Easter
1027,We Plow The Fields,Wir Pflugen,the complete organist,102,prentiss,Thanksgiving
1028,We Plow The Fields,San Fernado,amen: world hymns for organ,30,kerr,
1029,We Plow The Fields And Scatter,Wir pflugen,praise and thanksgiving hymn improvisations set 7,22,burkhardt,
1030,"We Praiseyou, O God",Kremser,the organist in season: autumn,32,wood,
1031,We Shall Walk Through The Valley,Valley,fill the earth with music: easy music for organ,6,keyser,
1032,We Three Kings,,the organ music of richard purvis three christmas preludes,9,purvis,Epiphany
1033,We Three Kings,Kings of Orient,the organist in season: winter,45,haan,Epiphany
1040,We're Marching To Zion,,gospel hymn settings,8,held,
1045,We've A Story To Tell,Message,our gospel legacy: easy hymn arrangements for organ,25,turner,
1034,Wedding March From Midsummer Night's Dream,,the complete wedding collection,46,mendelssohn,
1035,Wedding March From Midsummer Night's Dream,,from this day forward,60,mendelssohn,
1036,Wedlock,Wedlock,americana organ settings of early american hymns,14,martin,
1037,"Welcome, Happy Morning!",Fortunatus,easter glory! festive organ music for the season,46,broughton,Easter
1038,"Welcome,Happy Morning",Fortunatus,risen & exalted an eastertide celebration for organ,15,smith,Easter
1039,Wer Nur Den Lieben Gott,Wer nur den lieben Gott,"o love, how deep: three hymn settings for organ",8,phillips,
1041,Were You There,Were You There,"were you there: easy hymn preludes for palm sunday, holy week, and easter",18,kerr,Good Friday
1042,Were You There,Were You There,continuous communion meditations for organ,6,parker,Lent
1043,Were You There,,the organist in season: spring,21,martin,Holy Week
1044,Westminster Abbey Voluntary,,voluntary on westminster abbey,,purcell,
1046,What A Friend We Have In Jesus,Converse,god with us: eleven pieces for organ,27,diemer,
1047,What A Friend We Have In Jesus,Converse,our gospel legacy: easy hymn arrangements for organ,19,birchwood,
1048,What A Friend We Have In Jesus,,softly and tenderly: organ meditations on well-known gospel hymns,11,wood,
1049,What Wondrous Love Is This,Wondrous Love,an american suite for organ,34,dahl,Lent
1050,When Christ Was Born,Da Christus geboren war,the parish organist part twelve,66,koch,
1051,When He Cometh,Jewels,nine hymn preludes for organ,18,young,
1052,When I Survey The Wondrous Cross,Hamburg,david cherwien hymn interpretation series: holy week & easter,9,cherwien,Good Friday
1053,When I Survey The Wondrous Cross,Hamburg,continuous communion meditations for organ,3,parker,Lent
1054,When I Survey The Wondrous Cross,Hamburg,the organist in season: spring,40,whitworth,Holy Week
1055,When I Survey The Wondrous Cross,Rockingham Old,six preludes for the church year,18,hobby,Lent
1056,When The Roll Is Called Up Yonder,,blessed assurance,30,varner,
1057,When The Roll Is Called Up Yonder,Roll Call,six gospel hymn preludes,12,held,
1058,When Thou Art Near (Bist Du Bei Mir),,from this day forward,20,bach,
1059,When Twilight Comes,Dapit Hapon,amen: world hymns for organ,33,kerr,
1060,When We Are Living,Somas del Senor,eight hymn preludes for organ,18,diemer,
1061,When You Woke That Thursday Morning,Joyous Light,"were you there: easy hymn preludes for palm sunday, holy week, and easter",10,kerr,
1062,Where Cross The Crowded Ways Of Life,Germany,fill the earth with music: easy music for organ,25,keyser,
1063,Where He Leads Me,Norris,come to the alter,18,smith,
1064,Where'er You Walk From Semele,,from this day forward,34,handel,
1065,Wherever I May Wander,New England,eight hymn preludes for organ,14,diemer,
1066,While Shepherd Watched Their Flocks,,big brown book of organ solos,97,griffin,
1067,Whispering Hope,,blessed be the name,29,hawthorne,
1068,Who At My Door Is Standing,Everett,chimings for organ,42,broughton,
1069,With Praises All Unite,,easy organ library vol 58,96,sweelinck,
1070,With Reverence Let The Saints Appear,Reflection,the complete organist,75,smith,All Saints Da
1071,With The Saints Glory Shining,,easy organ library vol 58,20,broughton,
1072,Wonderful Words Of Life,,gospel hymn settings,14,held,
1073,Wonderful Words Of Life,Words of Life,fill the earth with music: easy music for organ,24,keyser,
1074,Wonderful Words Of Life,,he leadeth me: organ solos,13,whitworth,
1075,"Word Of God, Across The Ages",Austrian Hymn,go forth in faith: festive music of praise for organ,40,smith,
1076,Worthy Of Worship,Judson,glad adoration,31,hamlin,
1077,Ye Holy Angels Bright,Darwell,choral preludes based on famous hymn tunes vol 5,11,rowley,
1078,Ye Holy Angels Bright,Darwall's 148th,pull out all the stops volume 3,19,ritter,
1079,Ye Watchers And Ye Holy Ones,Lasst uns Erfreuen,the organist in season: summer,3,krapf,Holy Trinity
1080,You Are My Hiding Place,,a quiet time in the garden of prayer,23,caudill,
1081,You Have Come Down To The Lakeshore,Pescador de Hombres,amen: world hymns for organ,36,kerr,
1082,You Have Come Down To The Lakeshore,Pescador de Hombres,many and great hymn settings for organ,30,farlee,
